{"cameraMode":{"drawMode":0,"name":"Shaded","section":"Shading Mode"},"sceneLighting":true,"audioPlay":false,"sceneViewState":{"m_AlwaysRefresh":false,"showFog":true,"showSkybox":true,"showFlares":true,"showImageEffects":true,"showParticleSystems":true,"showVisualEffectGraphs":true,"m_FxEnabled":true},"in2DMode":false,"pivot":{"x":-8.379454612731934,"y":-4.500000953674316,"z":14.359928131103516},"rotation":{"x":0.08448200672864914,"y":-0.7552915811538696,"z":0.09938517957925797,"w":0.6423179507255554},"size":19.124067306518556,"orthographic":true}