{"cameraMode":{"drawMode":0,"name":"Shaded","section":"Shading Mode"},"sceneLighting":true,"audioPlay":false,"sceneViewState":{"m_AlwaysRefresh":false,"showFog":true,"showSkybox":true,"showFlares":true,"showImageEffects":true,"showParticleSystems":true,"showVisualEffectGraphs":true,"m_FxEnabled":true},"in2DMode":false,"pivot":{"x":-8.379454612731934,"y":-4.500000953674316,"z":14.359928131103516},"rotation":{"x":0.02806701883673668,"y":-0.7473571300506592,"z":0.03164388984441757,"w":0.6631055474281311},"size":18.370803833007814,"orthographic":true}